Iteración,Índice Mejor Bacteria,Mejor Fitness
1,2,15.2999400099988
2,2,15.299970003999444
3,2,15.29997000339964
