Iteración,Índice Mejor Bacteria,Mejor Fitness
1,9,26.997750712331282
2,9,26.998875693470676
3,9,26.998875459117308
4,9,26.99887545917589
5,9,26.99775132427508
