Iteración,Mejor Fitness por Iteración
1,-35776.0
2,-25731.0
3,-25866.0
4,-25881.986143772872
5,-25888.999999811684
6,-26149.0
